web-scraper-order,web-scraper-start-url,Reviews,pagination,pagination-href
"1530537208-1355","https://www.indeed.co.in/cmp/Shapoorji-Pallonji/reviews","It is great productive working
learned how to manage work pressure
my co-employees are cooperative
arranging material when major concrete pour","8","https://www.indeed.co.in/cmp/Shapoorji-Pallonji/reviews?start=140"
"1530537203-1313","https://www.indeed.co.in/cmp/Shapoorji-Pallonji/reviews","1)Material delivery coordination.
2)Coordinating field operations and sub-contractor work.
3)Monitors work activities to ensure compliance with established policies and procedures.
4)Technical writing for letters, RFI’s, submittal covers.
5)Review of shop drawings and plans.
6)Assist with pricing of change notices.
7)Daily Quantity and Man Hour Reporting.
8)Provide schedule update information to project engineer.
9)Ensure that work is correctly cost coded.
10)Ensure that field personnel have latest schedule.
11)Coordinate with Document Control to ensure that field personnel have latest drawings        and specification revisions.
12)Compile necessary information for all submittals and coordinate with Document Control to ensure proper documentation.
13)Update drawings with redlines of as-built information in support of Project Engineer or other.
14)submittal tracking, material delivery, pricing of change notices and contract document coordination.","11","https://www.indeed.co.in/cmp/Shapoorji-Pallonji/reviews?start=200"
"1530537201-1286","https://www.indeed.co.in/cmp/Shapoorji-Pallonji/reviews","Company is open to all and conducting more training programs to get better ideas.","12","https://www.indeed.co.in/cmp/Shapoorji-Pallonji/reviews?start=220"
"1530537211-1362","https://www.indeed.co.in/cmp/Shapoorji-Pallonji/reviews","Work place environment is excellent. 
Most facilitating factor - Liberty to work and decide from seniors.
Provide e-learning courses to update the knowledge & skill.","7","https://www.indeed.co.in/cmp/Shapoorji-Pallonji/reviews?start=120"
"1530537221-1435","https://www.indeed.co.in/cmp/Shapoorji-Pallonji/reviews","shapoorji is good platform For learning and showing your capabilities
company help to provide all type of resource which you need to achieve   your task.","3","https://www.indeed.co.in/cmp/Shapoorji-Pallonji/reviews?start=40"
"1530537206-1338","https://www.indeed.co.in/cmp/Shapoorji-Pallonji/reviews","I learned a lot, have a good organization structure, good co-workers","10","https://www.indeed.co.in/cmp/Shapoorji-Pallonji/reviews?start=180"
"1530537196-1271","https://www.indeed.co.in/cmp/Shapoorji-Pallonji/reviews","Daily routine comprises of taking onsite team meeting for daily and upcoming targets, monitoring the targets given on site and achieving them, daily cost per unit analysis of all labor contractors and working out ways to improve the same, coordination with client – understanding their requirements and striving to achieve the same, etc.","9","https://www.indeed.co.in/cmp/Shapoorji-Pallonji/reviews?start=160"
"1530537203-1315","https://www.indeed.co.in/cmp/Shapoorji-Pallonji/reviews","Good For Freshers perticularly as there's lot to learn.

Hands on Experience for various Constuction and Earth moving Equipments.

Good Technical as well as Non technical learning.

Hardest part is long working hours.

The most enjoyable part is to have work in where good combination of co-worker from different cultures.","11","https://www.indeed.co.in/cmp/Shapoorji-Pallonji/reviews?start=200"
"1530537206-1325","https://www.indeed.co.in/cmp/Shapoorji-Pallonji/reviews","A good firm to work in for a construction manager aspirant.
A lot to learn, which great technology on offer. No scope for design however, hence I am looking for a consultancy.","10","https://www.indeed.co.in/cmp/Shapoorji-Pallonji/reviews?start=180"
"1530537206-1324","https://www.indeed.co.in/cmp/Shapoorji-Pallonji/reviews","manage the resources
learn leadership, self starter
learn how to overcome from critical stage
good co-workers","10","https://www.indeed.co.in/cmp/Shapoorji-Pallonji/reviews?start=180"
"1530537213-1381","https://www.indeed.co.in/cmp/Shapoorji-Pallonji/reviews","i am in SPCMG its an interior group,fun work place and supporting staff, have learned mgmgt skills, long working hours,","6","https://www.indeed.co.in/cmp/Shapoorji-Pallonji/reviews?start=100"
"1530537211-1367","https://www.indeed.co.in/cmp/Shapoorji-Pallonji/reviews","* Every day is a new learning day. 
* Being independent and how to make and take decision  when required.
* Amazing Management and good co worker... very helpful and mentors..
* As of now not faced any hard part in the job as my Boss was always there to guide and support. 
*Being at work and working as with each department as a team.","7","https://www.indeed.co.in/cmp/Shapoorji-Pallonji/reviews?start=120"
"1530537193-1247","https://www.indeed.co.in/cmp/Shapoorji-Pallonji/reviews","nice company with some great people to work with , totally great experience working in this company ,learnt alot from my seniors. a very professional and skilled workers .","5","https://www.indeed.co.in/cmp/Shapoorji-Pallonji/reviews?start=80"
"1530537191-1227","https://www.indeed.co.in/cmp/Shapoorji-Pallonji/reviews","*No work life balance.

*Learning is okay but job is monotonous

*One has to hang out with older staff and the younger generation has absolutely no social life.","",""
"1530537203-1302","https://www.indeed.co.in/cmp/Shapoorji-Pallonji/reviews","- work experience for expose RCC work & speedy work with huge team around 250 nos staff members in TATA Nano project.
- I learn Documentation, quality controlling, mass concrete work & also learn about maximum utilization of material
- Construction of 5000 tonne & 1000 tonne Press pit is hardest part of my job.
- We all work as Team.","11","https://www.indeed.co.in/cmp/Shapoorji-Pallonji/reviews?start=200"
"1530537206-1320","https://www.indeed.co.in/cmp/Shapoorji-Pallonji/reviews","At starting every body bully you but after some time they all became friend,its a fun loving environment with good management,more and more appreciation, i have learned alot from this company..there are many more this ....etc...","10","https://www.indeed.co.in/cmp/Shapoorji-Pallonji/reviews?start=180"
"1530537217-1414","https://www.indeed.co.in/cmp/Shapoorji-Pallonji/reviews","Great opportunity wt am doing and ,i can survive anywhere any field .

I got a good expose in MEP division also the electrical temporary and Permanent with maintenance .","4","https://www.indeed.co.in/cmp/Shapoorji-Pallonji/reviews?start=60"
"1530537191-1232","https://www.indeed.co.in/cmp/Shapoorji-Pallonji/reviews","SPCL has given me the opportunity to learn the varied sectors of construction as part of my training and it has highly benefited me for my future. All the staffs are well experienced and knowledgeable in their respective field of works.","",""
"1530537193-1235","https://www.indeed.co.in/cmp/Shapoorji-Pallonji/reviews","Good work culture, Employee Friendly, Supportive staff, Job security is more, Expert team to work with, Excellent environment for continual growth. Overall good company.","5","https://www.indeed.co.in/cmp/Shapoorji-Pallonji/reviews?start=80"
"1530537208-1341","https://www.indeed.co.in/cmp/Shapoorji-Pallonji/reviews","Nice place to work, very informal management structure. building strong processes for timely  management and monitoring and control.","8","https://www.indeed.co.in/cmp/Shapoorji-Pallonji/reviews?start=140"
"1530537221-1426","https://www.indeed.co.in/cmp/Shapoorji-Pallonji/reviews","It's the best area to start and learn in your career. The learnings in the form of modules in your probation period is the highlighting part of their training their employees.","3","https://www.indeed.co.in/cmp/Shapoorji-Pallonji/reviews?start=40"
"1530537208-1356","https://www.indeed.co.in/cmp/Shapoorji-Pallonji/reviews","as same as shapoorji pallonji engineering & construction co.Ltd.","8","https://www.indeed.co.in/cmp/Shapoorji-Pallonji/reviews?start=140"
"1530537208-1347","https://www.indeed.co.in/cmp/Shapoorji-Pallonji/reviews","Gets to learn about new Techniques
Worker-Management relationship is maintained well
Adequate working hours for a Construction field","8","https://www.indeed.co.in/cmp/Shapoorji-Pallonji/reviews?start=140"
"1530537203-1308","https://www.indeed.co.in/cmp/Shapoorji-Pallonji/reviews","I doing these company Four state,Chennai,Coimbatore,Hyderabad,Bangalore
 i Singly handle almost 10 to 15 core project in store and purchase,

I doing in very good co-ordinate in our project team and i am take best employ contribution award -2008 in Hyderabad DLF,CTS project Gachiboli,","11","https://www.indeed.co.in/cmp/Shapoorji-Pallonji/reviews?start=200"
"1530537193-1245","https://www.indeed.co.in/cmp/Shapoorji-Pallonji/reviews","A healthy environment to work. 
Colleagues & seniors make you feel comfortable.
The company gives you priority & takes care of you.","5","https://www.indeed.co.in/cmp/Shapoorji-Pallonji/reviews?start=80"
"1530537211-1371","https://www.indeed.co.in/cmp/Shapoorji-Pallonji/reviews","A typical day at work would be 9:30AM login, report to senior manager, set yourself targets for the day and work towards achieving the target.
* As a Marketing Executive, Good communication and interpersonal skills is a must.
* Well Organised scheduled management
* Very helpful and encouraging co-workers.
* Sustain the same level of energy throughout the day.
* Converting calls to site visit and explaining to the customer about the project.","7","https://www.indeed.co.in/cmp/Shapoorji-Pallonji/reviews?start=120"
"1530537221-1438","https://www.indeed.co.in/cmp/Shapoorji-Pallonji/reviews","Classic workplace, can learn lot of things will be a running factor for an booming career a abroad company with many projects a place to look forward to.","3","https://www.indeed.co.in/cmp/Shapoorji-Pallonji/reviews?start=40"
"1530537221-1428","https://www.indeed.co.in/cmp/Shapoorji-Pallonji/reviews","The team environment is very family-oriented.By far the best job I've had in my career of more than 11 years. The company cares about its employees and goes above and beyond to create a positive work environment.","3","https://www.indeed.co.in/cmp/Shapoorji-Pallonji/reviews?start=40"
"1530537203-1312","https://www.indeed.co.in/cmp/Shapoorji-Pallonji/reviews","•	Successfully handled the entire Industrial Steel Building Project
•	Won a Cash Award of Rs. 21,000 for successfully completing the project (Roorkee) before stipulated time period in 2007","11","https://www.indeed.co.in/cmp/Shapoorji-Pallonji/reviews?start=200"
"1530537203-1303","https://www.indeed.co.in/cmp/Shapoorji-Pallonji/reviews","Exposure is good.
Multi-purpose tasks are allotted.
Management is friendly.
Hard-work required at all levels.
Special accelerated programs for quick succession to posts are included in the company.","11","https://www.indeed.co.in/cmp/Shapoorji-Pallonji/reviews?start=200"
"1530537201-1291","https://www.indeed.co.in/cmp/Shapoorji-Pallonji/reviews","My work is a lovable job.Day to Day to learn lot from my co workers.
There is no hardest part of the job when we do the jobs in time schedule.The enjoyble part is for recover our knowledge through monthly Trainings by top managements.","12","https://www.indeed.co.in/cmp/Shapoorji-Pallonji/reviews?start=220"
"1530537213-1394","https://www.indeed.co.in/cmp/Shapoorji-Pallonji/reviews","Work day with proper work schedule
Exposure to High end and working for international clients
Management is very good
Working for project","6","https://www.indeed.co.in/cmp/Shapoorji-Pallonji/reviews?start=100"
"1530537193-1254","https://www.indeed.co.in/cmp/Shapoorji-Pallonji/reviews","01.Preparing daily report and attendance.
02.I learn time to followup
03.I'm not a boss I'm the leader, i thing u know leader and boss different so the part is very easy for me.
04.Arrange the party functions","5","https://www.indeed.co.in/cmp/Shapoorji-Pallonji/reviews?start=80"
"1530537206-1321","https://www.indeed.co.in/cmp/Shapoorji-Pallonji/reviews","In this organisation I grew up professionally and was responsible for many roles like knowledge management, brand management, corporate trainings, ISO Audits, OHSHAS Audits. I had a good team of subordinates and also super ordinate.
It was a pleasant learning platform.. I had to interact with clients, sub contractors, site teams, MR, Vedors, Graduate engineer trainees, Different section of employees in differenet regions as corporate trainer, Audits, interaction with external agencies for sudit certification etc.","10","https://www.indeed.co.in/cmp/Shapoorji-Pallonji/reviews?start=180"
"1530537203-1307","https://www.indeed.co.in/cmp/Shapoorji-Pallonji/reviews","I learn things regarding Billing,Budget,MIS,Productivity which is new for me.","11","https://www.indeed.co.in/cmp/Shapoorji-Pallonji/reviews?start=200"
"1530537196-1265","https://www.indeed.co.in/cmp/Shapoorji-Pallonji/reviews","civil and pilling foreman  knowledge  pilling foreman jobs in dutch foundation  three years and civil foreman in oman and also dubai .","9","https://www.indeed.co.in/cmp/Shapoorji-Pallonji/reviews?start=160"
"1530537198-1278","https://www.indeed.co.in/cmp/Shapoorji-Pallonji/reviews","Excelent place to work with good future growth.It is a master in building Automobile plant. mechanical engineers are looking after maintenance of plant & machinery.","13","https://www.indeed.co.in/cmp/Shapoorji-Pallonji/reviews?start=240"
"1530537206-1319","https://www.indeed.co.in/cmp/Shapoorji-Pallonji/reviews","Good work culture, Employee Friendly, Supportive staff, Job security is more, Expert team to work with, Excellent environment for continual growth. Overall good company.","10","https://www.indeed.co.in/cmp/Shapoorji-Pallonji/reviews?start=180"
"1530537203-1317","https://www.indeed.co.in/cmp/Shapoorji-Pallonji/reviews","I am Assistant Engineer in Tender Department. I had to prepare tenders for submission and also e-tenders submission at e-portal. Rate analysis of typical object. sometimes we have to work late night to submit the tender on time. Some time we enjoy leisure.","11","https://www.indeed.co.in/cmp/Shapoorji-Pallonji/reviews?start=200"
"1530537201-1289","https://www.indeed.co.in/cmp/Shapoorji-Pallonji/reviews","Unforgettable in single word. The Senior staffs are very poor in sense of engineering.","12","https://www.indeed.co.in/cmp/Shapoorji-Pallonji/reviews?start=220"
"1530537191-1224","https://www.indeed.co.in/cmp/Shapoorji-Pallonji/reviews","It was first time I was learning how to be a civil engineer as an intern and it was a great experience for me. I learnt a great deal about how an actual construction site functions.","",""
"1530537206-1335","https://www.indeed.co.in/cmp/Shapoorji-Pallonji/reviews","it is the best place to learning the field & office management and construction details .i working that period learn about footing &column concrete and steel details, how to check the quality of concrete,how to check shuttering details ,how to managed the working labour and co-workers and then how to write the daily progress report ,bar pending schedule.how to follow and do the given target at the date of time period.
                                The hardest part of job is time management for  junior employees & workers is not good at the  working period .
                                 the most enjoyable part of job is achieved the target & progress at certain time period.","10","https://www.indeed.co.in/cmp/Shapoorji-Pallonji/reviews?start=180"
"1530537211-1360","https://www.indeed.co.in/cmp/Shapoorji-Pallonji/reviews","	Creation of Sub - contractor billing in MS Excel (Departmental, Item Rate, & Hiring Bills) & processing the same in ERP Program in Execution Module.
	Work Order Creation (Local Work Order & ERP Work Order)
	Coordination with the Sub –Contractors.
	Creation of P&L Report in ERP.
	Project presentation reports in Ms Power Point.
	Assisting the Project head in miscellaneous assignments. 
	Creation and Maintenance of MIS & DPR Reports.
	Creation of Liability Reports of subcontractors.
	Managing day to day activity and necessary documentations.
	Implemented automation initiatives to bring more efficiency and controls
	Submitting daily/weekly/monthly report to the management. 
	Comparison of budget vs actuals
	Pre-Month & Post Month End close 
	Coordination with internal auditors and external auditors.","7","https://www.indeed.co.in/cmp/Shapoorji-Pallonji/reviews?start=120"
"1530537223-1455","https://www.indeed.co.in/cmp/Shapoorji-Pallonji/reviews","All finishing work  block work ,plaster work, flooring work, water froofing  work, panning work, painting wok,  aluminium window work, my under supervising work & heardworking","2","https://www.indeed.co.in/cmp/Shapoorji-Pallonji/reviews?start=20"
"1530537191-1229","https://www.indeed.co.in/cmp/Shapoorji-Pallonji/reviews","Relaxed work environment a typical Indian mnc fair chance of international assignments.
Good company for last few years of employment.  Poor inter company chances.","",""
"1530537211-1372","https://www.indeed.co.in/cmp/Shapoorji-Pallonji/reviews","Great place to start your career with but compensation needs to be looked at. Management is very supportive and caring.","7","https://www.indeed.co.in/cmp/Shapoorji-Pallonji/reviews?start=120"
"1530537208-1349","https://www.indeed.co.in/cmp/Shapoorji-Pallonji/reviews","Working with Shapoorji Pallonji & Co. Ltd is always fun. All the co-workers are very careful and helping in nature. Learnt a lot about the steel industry. Practical experience in EPC world would not be possible with out SPCL. Management is very sensitive towards junior employee and very caring.","8","https://www.indeed.co.in/cmp/Shapoorji-Pallonji/reviews?start=140"
"1530537201-1298","https://www.indeed.co.in/cmp/Shapoorji-Pallonji/reviews","Internal environment is very good, management is very helpful","12","https://www.indeed.co.in/cmp/Shapoorji-Pallonji/reviews?start=220"
"1530537223-1443","https://www.indeed.co.in/cmp/Shapoorji-Pallonji/reviews","It is obviously life changing event when you step from student life to professional life. It is an unexpected journey so far. I got to learn a lot not only on technical fronts but also life lessons. I made new friends and increased my social circle. Most important learning was how to manage your personal and professional life side by side. The things may not always go our way but keep on working hard and the results will go our way someday. Hardest part of job is managing the resources to complete the work within stipulated time with high safety and quality. Most enjoyable part of the job is the satisfaction you get after completing your targets.","2","https://www.indeed.co.in/cmp/Shapoorji-Pallonji/reviews?start=20"
"1530537211-1374","https://www.indeed.co.in/cmp/Shapoorji-Pallonji/reviews","1.Doing 36 hours work.
2.I learned lot-of from this company.
3.Good.
4.Every body sincere in their works.
5.Handling 3 buildings at same time.
6. Achieving BEST SAFETY PERSON award from management.","7","https://www.indeed.co.in/cmp/Shapoorji-Pallonji/reviews?start=120"
"1530537196-1256","https://www.indeed.co.in/cmp/Shapoorji-Pallonji/reviews","post tensioning work
shuttering work
reinforcement
client approval have to get
post tensioning work","9","https://www.indeed.co.in/cmp/Shapoorji-Pallonji/reviews?start=160"
"1530537221-1431","https://www.indeed.co.in/cmp/Shapoorji-Pallonji/reviews","I shall not recommend for MEP in northern region. huge back lock of the pending projects and no proper guideline from the management to complete the same.","3","https://www.indeed.co.in/cmp/Shapoorji-Pallonji/reviews?start=40"
"1530537193-1244","https://www.indeed.co.in/cmp/Shapoorji-Pallonji/reviews","I liked the top Management. Very structured approach. Hardest part is the Dining Hall , too small , hit the heads. Co-workers are quite professional and helpful. Most enjoyable part of the job is the kind of projects they are working on.","5","https://www.indeed.co.in/cmp/Shapoorji-Pallonji/reviews?start=80"
"1530537201-1297","https://www.indeed.co.in/cmp/Shapoorji-Pallonji/reviews","SPCL is very good and production orientd company who plays a major role in the infrastructure development sector all over the world, especially in India.
The middle management of the company need to be strenthened to improve the discipline and quality to a much higher level.","12","https://www.indeed.co.in/cmp/Shapoorji-Pallonji/reviews?start=220"
"1530537196-1259","https://www.indeed.co.in/cmp/Shapoorji-Pallonji/reviews","Most Of the organisation need the work progress as per clients need with good profit for company nothing else and that should be.","9","https://www.indeed.co.in/cmp/Shapoorji-Pallonji/reviews?start=160"
"1530537223-1452","https://www.indeed.co.in/cmp/Shapoorji-Pallonji/reviews","Shapoorji Pallonji Group is one of the oldest business groups in the Engineering and Construction Business operating out of India. Its core values of integrity coupled with excellence has earned trust with its both internal as well as external customers. It is a fantastic place to learn about the business practices esp. relevant to the old economy. Further, with the changing global business scenarios, the firm is looking to develop a  focus on technology and innovation in this VUCA world.

The job elements are challenging and required deep understanding of the business opportunities. The company offers good training opportunities to its star employees.","2","https://www.indeed.co.in/cmp/Shapoorji-Pallonji/reviews?start=20"
"1530537213-1396","https://www.indeed.co.in/cmp/Shapoorji-Pallonji/reviews","Being a trainee, you have to follow a structured module and learn about all the aspects of the construction business.
Work hours are not defined, might need to work on Sundays also.
Work get tiring if its not your cup of tea.","6","https://www.indeed.co.in/cmp/Shapoorji-Pallonji/reviews?start=100"
"1530537217-1404","https://www.indeed.co.in/cmp/Shapoorji-Pallonji/reviews","That was very nice project  to work in SPCL as Deputy construction manager. I was allocated to work with my team- 2 floors below Ground level ( basement  floor) which is near to river bed and that was challenged , but  we succeeded on this project.","4","https://www.indeed.co.in/cmp/Shapoorji-Pallonji/reviews?start=60"
"1530537208-1343","https://www.indeed.co.in/cmp/Shapoorji-Pallonji/reviews","Handled all aspects of Design & Build Project posted at Project site full time.","8","https://www.indeed.co.in/cmp/Shapoorji-Pallonji/reviews?start=140"
"1530537191-1216","https://www.indeed.co.in/cmp/Shapoorji-Pallonji/reviews","good work culture, good life balances , good supportive from top management To leaner to implement .To improve personal skill and innovative ideas.  overall excellent company","",""
"1530537208-1346","https://www.indeed.co.in/cmp/Shapoorji-Pallonji/reviews","I was worked with spcl from last 4 years, company overall is very very   good in all activites.","8","https://www.indeed.co.in/cmp/Shapoorji-Pallonji/reviews?start=140"
"1530537206-1327","https://www.indeed.co.in/cmp/Shapoorji-Pallonji/reviews","Shapoorji Pallonji is basically dealing with construction activities but also taking EPC projects in various power plants.I learnt lot of things like structural and piping fabrication,welding inspection,NDT processes used in fabrication work,quality control of welding works.","10","https://www.indeed.co.in/cmp/Shapoorji-Pallonji/reviews?start=180"
"1530537201-1290","https://www.indeed.co.in/cmp/Shapoorji-Pallonji/reviews","Liaisoning with Government Agencies and other nodal agencies
Liaison with Tehsil for getting Land Records, Approvals and Documents.
Coordination / Liaisoning with local land owners, Village Authorities for NOC
Local violation issues with private land owners and villagers
Liasoning with Revenue Officer Such As collector, Tahasildar, SDO, RNT, Circle, Talati, registrar etc. for several works
Liaison with dominating people of villages
Resolving compensation issues of villagers, trouble shooting
Collection of Grampanchayt NOC. & other Government NOC""s
Dealing with Circle & SDO for RTS matters of company raised by farmers
Negotiation with the Land Owners","12","https://www.indeed.co.in/cmp/Shapoorji-Pallonji/reviews?start=220"
"1530537213-1398","https://www.indeed.co.in/cmp/Shapoorji-Pallonji/reviews","Best Knowledge Gaining Organisation, Its very good Organisation 
Good Engineer and Management Organisation.

I have the sufficient knowledge of planning and billing of the projects.","6","https://www.indeed.co.in/cmp/Shapoorji-Pallonji/reviews?start=100"
"1530537196-1274","https://www.indeed.co.in/cmp/Shapoorji-Pallonji/reviews","Have vast professional  26 years experience in Civil engineering construction field such   as construction of multi storied residential & industrial building, villas & bungalows, steel & power plant, refinery /petroleum projects too. I have operated with diversified domain projects in Civil Engineering ranging from medium to large scale industries which gave me an in depth understanding for handling various domain areas in Civil Engineering. I have handled various critical and challenging projects in INDIA & DUBAI  and ensured that the projects gets implemented as per specification in stipulated time with safety & quality. Having equipped and expertise with various latest engineering tools and techniques, cost evaluation techniques and tools which I applied in my professional career to produce cost-effective solutions for the organization I worked with. I can handle high pressure environments with ease and open mind and also a good team player. I have efficient communication skill to present my points precisely to listeners.     All the above projects completed with reputed organization such as Shapoorji Pallonji &Co Ltd., Dodsal Engineering & Construction Pte. Ltd.(Dubai), Dodsal  Ltd.(India) , Larsen & Toubro Ltd. , Unitech Ltd. , Orissa Construction Corporation Ltd. and Birla Technical Services Ltd.","9","https://www.indeed.co.in/cmp/Shapoorji-Pallonji/reviews?start=160"
"1530537191-1220","https://www.indeed.co.in/cmp/Shapoorji-Pallonji/reviews","Shapoorji is a good place to work for provided a full fledged construction team is associated. Good Learning opportunity is provided for freshers to the industry. Also the seniors at the Regional office care a lot for the engineers,","",""
"1530537206-1336","https://www.indeed.co.in/cmp/Shapoorji-Pallonji/reviews","I used to work for 8 hours a day. Attained so much of knowledge in the field of designing, surveying and construction. Management considered me and gave good responses. My co-workers provided additional information regarding the project. The hardest part is completing the project in time and we are used to do it. The main enjoyable part is learning new things, making fun with co-workers.","10","https://www.indeed.co.in/cmp/Shapoorji-Pallonji/reviews?start=180"
"1530537193-1249","https://www.indeed.co.in/cmp/Shapoorji-Pallonji/reviews","Managmenet don;t have strategy to review their employees view. Simply accept Regional Head Views.  There is no system oriented till date. very poor job security in this company. Top Management is very weak.","5","https://www.indeed.co.in/cmp/Shapoorji-Pallonji/reviews?start=80"
"1530537201-1279","https://www.indeed.co.in/cmp/Shapoorji-Pallonji/reviews","Good work culture, Employee Friendly, Supportive staff, Job security is more, Expert team to work with, Excellent environment for continual growth. Overall good company.","12","https://www.indeed.co.in/cmp/Shapoorji-Pallonji/reviews?start=220"
"1530537223-1442","https://www.indeed.co.in/cmp/Shapoorji-Pallonji/reviews","its a tough and challenging job ,learned a lot,management is also good,workplace culture is good,everyday was a new challenge to work on site.was working with my friends around so it was enjoyable.","2","https://www.indeed.co.in/cmp/Shapoorji-Pallonji/reviews?start=20"
"1530537193-1240","https://www.indeed.co.in/cmp/Shapoorji-Pallonji/reviews","The company is best fitted for all kind of posts. There are lots of pressure for sure but people are helpful. There are lot of things to learn in this organization. Most of the seniors are helpful specially in Mumbai.","5","https://www.indeed.co.in/cmp/Shapoorji-Pallonji/reviews?start=80"
"1530537208-1352","https://www.indeed.co.in/cmp/Shapoorji-Pallonji/reviews","	Technically accomplished professional with over 19+ years’ rich experience in India and Abroad Project Planning & Control, Site & Construction Management, Quality, Coordination and Team Management with well known organizations.
	Interface with clients to define project requirements. Establish project work plan and deadlines.
	In-depth knowledge and hands on experience in supervising structural and finishing works.
	Documented track record of success in spearheading challenging and complex projects and executing them to hand-over stage, within the stipulated time frame.
	Good communication skills facilitating effective liaison with various departments, sub-contractors, designers, vendors, and clients so as to complete a project in stipulated timeframe.
	Working closely with other functional areas of the organization, project contractors, internal team members, external collaborators and suppliers. Meeting with department representatives, architects, engineers and consultants to establish project requirements, specifications and schedules. 
	Recognized for attention to detail, adherence to standards with exceptional skills in managing teams.
	A confident persuasive team maker able to communicate effectively across diverse cultures to achieve exceptional business performance","8","https://www.indeed.co.in/cmp/Shapoorji-Pallonji/reviews?start=140"
"1530537221-1430","https://www.indeed.co.in/cmp/Shapoorji-Pallonji/reviews","Very big organisation. Job security is the most convincing point one can have to stay long in the organisation. Hard work does not count much here. You just need to be politically correct everytime.","3","https://www.indeed.co.in/cmp/Shapoorji-Pallonji/reviews?start=40"
"1530537213-1379","https://www.indeed.co.in/cmp/Shapoorji-Pallonji/reviews","Good work culture, Employee Friendly, Supportive staff, Job security is more, Expert team to work with, Excellent environment for continual growth. Overall good company.","6","https://www.indeed.co.in/cmp/Shapoorji-Pallonji/reviews?start=100"
"1530537193-1239","https://www.indeed.co.in/cmp/Shapoorji-Pallonji/reviews","Here the priority is given to freedom of managing your work under self designed work plan with in the accepted framework and deadlines. 
Interpersonal relations are appreciated with in the organisation and  skill enhancement training is a annual routine for employees.","5","https://www.indeed.co.in/cmp/Shapoorji-Pallonji/reviews?start=80"
"1530537193-1241","https://www.indeed.co.in/cmp/Shapoorji-Pallonji/reviews","Monitoring and Resourcing Labours for  whole Bangalore projects includes night surprise visits to Projects which are in Slab concreting.","5","https://www.indeed.co.in/cmp/Shapoorji-Pallonji/reviews?start=80"
"1530537211-1377","https://www.indeed.co.in/cmp/Shapoorji-Pallonji/reviews","good company. But not giving the proper payment.
The planning is not intelligent.
The time for the completion of work is too long because of the planning mistake and unavailability of meterial","7","https://www.indeed.co.in/cmp/Shapoorji-Pallonji/reviews?start=120"
"1530537191-1226","https://www.indeed.co.in/cmp/Shapoorji-Pallonji/reviews","Contract job, not secure job, account department doesn't have separate cabin for work..

Other employees always disturb account department, some employees talking on phone loudly and some on zoom meetings","",""
"1530537196-1267","https://www.indeed.co.in/cmp/Shapoorji-Pallonji/reviews","the hardest part of the job.no good working culture.no fully support by management.","9","https://www.indeed.co.in/cmp/Shapoorji-Pallonji/reviews?start=160"
"1530537196-1273","https://www.indeed.co.in/cmp/Shapoorji-Pallonji/reviews","A decent company to work with for meeting the long term objectives with a good work life balance and a reletively modest culture.","9","https://www.indeed.co.in/cmp/Shapoorji-Pallonji/reviews?start=160"
"1530537223-1446","https://www.indeed.co.in/cmp/Shapoorji-Pallonji/reviews","Working with shapporji is very good as an middle level manager, we always got the supports from our team mates to proceed further in any kind of bottlnecks.","2","https://www.indeed.co.in/cmp/Shapoorji-Pallonji/reviews?start=20"
"1530537223-1449","https://www.indeed.co.in/cmp/Shapoorji-Pallonji/reviews","Good Management

Timely salary

Good balance of work & life

Enjoyed working with Team

Good Job culture

Best Job Security & advancement

Good Salary & Perks","2","https://www.indeed.co.in/cmp/Shapoorji-Pallonji/reviews?start=20"
"1530537191-1218","https://www.indeed.co.in/cmp/Shapoorji-Pallonji/reviews","Good Work-Life Balance. Salary On time. Management is Little bit indifferent. Lack of Corporate system. Design Section need to improve.Overall a good company to work with.","",""
"1530537223-1451","https://www.indeed.co.in/cmp/Shapoorji-Pallonji/reviews","man management and welfare of employees  still to be improved...

system, procedure adoption to be improved....

HR system need acute improvement.....

Seniority to be respected","2","https://www.indeed.co.in/cmp/Shapoorji-Pallonji/reviews?start=20"
"1530537217-1412","https://www.indeed.co.in/cmp/Shapoorji-Pallonji/reviews","A 150 years old organisation has earned respect within India and abroad. One of the first Indian construction Company to work in overseas market. One of the largest organisation in India.","4","https://www.indeed.co.in/cmp/Shapoorji-Pallonji/reviews?start=60"
"1530537191-1217","https://www.indeed.co.in/cmp/Shapoorji-Pallonji/reviews","•	Lead the development of an overall project plan with timelines, resources and critical mile stones and also Responsible for budget development and cost control.
•	Drive continuous improvement, innovation across the project operations. Risk analysis & mitigation","",""
"1530537196-1262","https://www.indeed.co.in/cmp/Shapoorji-Pallonji/reviews","Shapoorji Pallonji & Co. Ltd is very good company for employees and Job Culture","9","https://www.indeed.co.in/cmp/Shapoorji-Pallonji/reviews?start=160"
"1530537201-1292","https://www.indeed.co.in/cmp/Shapoorji-Pallonji/reviews","its a very good construction company.it is around 165 years old company.i have enjoyed working here.","12","https://www.indeed.co.in/cmp/Shapoorji-Pallonji/reviews?start=220"
"1530537213-1382","https://www.indeed.co.in/cmp/Shapoorji-Pallonji/reviews","I have been working at Shapoorji Pallonji & Co. Ltd full-time for 1 and a half years:

1. The work culture is very good.
2. You get to learn a lot during your association with the company.
3. The company is a reputed one, holds a huge brand value and will look good in your CV even if you consider leaving it at some point","6","https://www.indeed.co.in/cmp/Shapoorji-Pallonji/reviews?start=100"
"1530537223-1445","https://www.indeed.co.in/cmp/Shapoorji-Pallonji/reviews","It was my first experience in construction engineering
The first company i had joined after Collage as fresher is S&P Limited
I learned here what is the life & duties of a Civil engineer
Thanks to all of my co-workers to tolerate me.
Thanks again to S&P Ltd.  for providing me a chance to prove myself.","2","https://www.indeed.co.in/cmp/Shapoorji-Pallonji/reviews?start=20"
"1530537208-1344","https://www.indeed.co.in/cmp/Shapoorji-Pallonji/reviews","I have spent 10 years in this organisation. I have been rotated through various roles of handling Campus & lateral recruitment, supported top management for design of various compensation schemes, formulated policy manual in the organisation, managed the appraisal cycle for increment disbursement, managing the e-learning initiative @ SP. Curently responsible for SAP implementation for HR. Work has always been dynamic and I enjoy it thoroughly,","8","https://www.indeed.co.in/cmp/Shapoorji-Pallonji/reviews?start=140"
"1530537193-1237","https://www.indeed.co.in/cmp/Shapoorji-Pallonji/reviews","great experience.one of the best civil construction company.project planning and advanced technology is here.proper safety at site work.life time achievement.","5","https://www.indeed.co.in/cmp/Shapoorji-Pallonji/reviews?start=80"
"1530537208-1354","https://www.indeed.co.in/cmp/Shapoorji-Pallonji/reviews","Here is i have a good knowledge abouthealth and safety in building construction","8","https://www.indeed.co.in/cmp/Shapoorji-Pallonji/reviews?start=140"
"1530537213-1386","https://www.indeed.co.in/cmp/Shapoorji-Pallonji/reviews","shapoorji  is a 150 years old company. 
handling great projects in india and gulf too.
Its a 12 hr basis work & no issues in salary .","6","https://www.indeed.co.in/cmp/Shapoorji-Pallonji/reviews?start=100"
"1530537206-1329","https://www.indeed.co.in/cmp/Shapoorji-Pallonji/reviews","Safety supervisor job is very hard but safety team members are a life saver !","10","https://www.indeed.co.in/cmp/Shapoorji-Pallonji/reviews?start=180"
"1530537196-1269","https://www.indeed.co.in/cmp/Shapoorji-Pallonji/reviews","Very good atmosphere... Well balanced management... Co-operative workers and supervisors..!!!","9","https://www.indeed.co.in/cmp/Shapoorji-Pallonji/reviews?start=160"
"1530537193-1251","https://www.indeed.co.in/cmp/Shapoorji-Pallonji/reviews","Supportive & Co-operative Staff, Good Working Enviorments & Culture.lots of things for learning.motivative Management","5","https://www.indeed.co.in/cmp/Shapoorji-Pallonji/reviews?start=80"
"1530537193-1243","https://www.indeed.co.in/cmp/Shapoorji-Pallonji/reviews","i was joined as GET in 2014 at shiv statue project which is one of the largest statue in all over the world (351') and after 6 month i was joined as a Sr. Planning Engineer, in the last of year  2015 i was transferred at vallabh bhawan project bhopal. very good & supportive enviroment of the staff .","5","https://www.indeed.co.in/cmp/Shapoorji-Pallonji/reviews?start=80"
"1530537213-1395","https://www.indeed.co.in/cmp/Shapoorji-Pallonji/reviews","please to work in this company.learnt lot of  managemene  level things.all the staff are very good.good working atmosphere in this company.","6","https://www.indeed.co.in/cmp/Shapoorji-Pallonji/reviews?start=100"
"1530537203-1301","https://www.indeed.co.in/cmp/Shapoorji-Pallonji/reviews","Hi,

I am working as  a Site executive in SPCL Construction. As a Site Engineer daily work schedule has to be done and every work records to be documented perfectly. I love this job and doing with my full dedication. Day by day i got many learning in the site as well as from the environment.","11","https://www.indeed.co.in/cmp/Shapoorji-Pallonji/reviews?start=200"
"1530537217-1415","https://www.indeed.co.in/cmp/Shapoorji-Pallonji/reviews","excellent organization to start career . learned a lot about administrative functions such as vendor management , hr activities such as attendance , screening resumes and scheduling interviews .","4","https://www.indeed.co.in/cmp/Shapoorji-Pallonji/reviews?start=60"
"1530537223-1444","https://www.indeed.co.in/cmp/Shapoorji-Pallonji/reviews","All over in good organization with good management,Salary package,training,facilities etc.good platform for working people to show there talent.very prestiges projects time period.","2","https://www.indeed.co.in/cmp/Shapoorji-Pallonji/reviews?start=20"
"1530537193-1250","https://www.indeed.co.in/cmp/Shapoorji-Pallonji/reviews","Salary is good, but work and life is not balanced in many ways.
good for civil engineers.
many of the IT campus is build by Shapoorji pallonji.

hope my review helps","5","https://www.indeed.co.in/cmp/Shapoorji-Pallonji/reviews?start=80"
"1530537213-1393","https://www.indeed.co.in/cmp/Shapoorji-Pallonji/reviews","co workers are very co operative. Less scope for a industrial piping design engineer to learn and work.Projects are getting delayed due to  management reasons.","6","https://www.indeed.co.in/cmp/Shapoorji-Pallonji/reviews?start=100"
"1530537217-1408","https://www.indeed.co.in/cmp/Shapoorji-Pallonji/reviews","Good Work Place
To Learn about your Job Profile
To Develop employee Confident
Learning about Procurement and Store Management
Develop your Self 
More supportive Staff","4","https://www.indeed.co.in/cmp/Shapoorji-Pallonji/reviews?start=60"
"1530537196-1264","https://www.indeed.co.in/cmp/Shapoorji-Pallonji/reviews","i have learnt 
to manage ppl
get best out of ur staff
qa/ qc
billing 
quantity surveying","9","https://www.indeed.co.in/cmp/Shapoorji-Pallonji/reviews?start=160"
"1530537203-1305","https://www.indeed.co.in/cmp/Shapoorji-Pallonji/reviews","Motto of the company is best work. Security they prefer first to their employes as well as labours.","11","https://www.indeed.co.in/cmp/Shapoorji-Pallonji/reviews?start=200"
"1530537208-1348","https://www.indeed.co.in/cmp/Shapoorji-Pallonji/reviews","the organization is new and it need new techniques that shall used in civil application tommorow

resin synthesis and its commercialization, preparation of organophilic clay (nano clay), bio based acoustic panels (fire proof), bio based hybrid structural members and composites for civil application","8","https://www.indeed.co.in/cmp/Shapoorji-Pallonji/reviews?start=140"
"1530537217-1402","https://www.indeed.co.in/cmp/Shapoorji-Pallonji/reviews","This project is a university college project which is new and lead toa new working environment to know things better and learn new ideas for our future career","4","https://www.indeed.co.in/cmp/Shapoorji-Pallonji/reviews?start=60"
"1530537217-1413","https://www.indeed.co.in/cmp/Shapoorji-Pallonji/reviews","A brand to work with where I am managing approximately 13 million sq ft of IT / SEZ and residential projects. Managed The Imperial a twin tower tallest in India","4","https://www.indeed.co.in/cmp/Shapoorji-Pallonji/reviews?start=60"
"1530537213-1392","https://www.indeed.co.in/cmp/Shapoorji-Pallonji/reviews","Decent workplace with professional colleagues. Company growing good and future will be bright of peoples and company.
Group of companies works for many other industries","6","https://www.indeed.co.in/cmp/Shapoorji-Pallonji/reviews?start=100"
"1530537223-1456","https://www.indeed.co.in/cmp/Shapoorji-Pallonji/reviews","i can do the work as a good workman ship leader and also handle the critical condition. i can also handle the other work in critical sitution such as billing and sap application use.","2","https://www.indeed.co.in/cmp/Shapoorji-Pallonji/reviews?start=20"
"1530537201-1283","https://www.indeed.co.in/cmp/Shapoorji-Pallonji/reviews","The work culture is very very poor and not up to the mark as a corporate of 140+ years old. No corporate culture. Very very hectic schedule. No filtering of information by superiors. Pamprering atmosphere.Very slow work process even less than Govt Sector. Compormising in quality, Poor statutory compiliance, Narrow mentality of Senior level staffs.","12","https://www.indeed.co.in/cmp/Shapoorji-Pallonji/reviews?start=220"
"1530537211-1363","https://www.indeed.co.in/cmp/Shapoorji-Pallonji/reviews","Excellent Leadership Programme

Excellent Technology Support

Motivating Atmosphere

Challenging Projects

Good Pay Package

Good Site Management

Good Co-workers

Good Facilities to Staff","7","https://www.indeed.co.in/cmp/Shapoorji-Pallonji/reviews?start=120"
"1530537191-1231","https://www.indeed.co.in/cmp/Shapoorji-Pallonji/reviews","This is a well organized company in terms of building structures. But, it is equally worse when it comes to finishing activities. Company is getting huge turnkey projects but unable to deliver with expected quality and time line. This is due to absence of sequential planning, No WBS (work breakdown structure) is made, no proper coordination between QS and procurement team.... and many other important issues to be taken care of.","",""
"1530537191-1228","https://www.indeed.co.in/cmp/Shapoorji-Pallonji/reviews","Keep learning and growing  . Area growing for everything .safety culture develop .worker  are motivated to work in new culture . Railways project is best place for learning.","",""
"1530537191-1230","https://www.indeed.co.in/cmp/Shapoorji-Pallonji/reviews","- Strong mission driven culture
- Perks on par with best tech companies (free food, unlimited PTO, etc)
- Good pay
- Strong, approachable leadership
- Ambitious goals to help people achieve their career objectives","",""
"1530537221-1429","https://www.indeed.co.in/cmp/Shapoorji-Pallonji/reviews","Joined here as a mechanical engineer and left as a deputy manager plant
Know here about the documentation required to show your work in papers
Work and maintain the ISO documents required in a plant department 
Attend different training programmes to improve my skills","3","https://www.indeed.co.in/cmp/Shapoorji-Pallonji/reviews?start=40"
"1530537206-1323","https://www.indeed.co.in/cmp/Shapoorji-Pallonji/reviews","I learned good leadership qualities how to lead the team,Good Client relationship Management, Hardest part of the day Tidy schedules, project leaders are having good leadership qualities. Most enjoyable part of the day progress review and continuous follow-ups contractor","10","https://www.indeed.co.in/cmp/Shapoorji-Pallonji/reviews?start=180"
"1530537223-1450","https://www.indeed.co.in/cmp/Shapoorji-Pallonji/reviews","Daily checking work place ,power tools hand tools ,hot work ,working at height weekly toolbox talk weekly reporting ,monthly reporting,improving day by day.","2","https://www.indeed.co.in/cmp/Shapoorji-Pallonji/reviews?start=20"
"1530537223-1440","https://www.indeed.co.in/cmp/Shapoorji-Pallonji/reviews","Good I enjoyed and gained more knowledge of accounting for an MNC organization like Sapoorji and Pallonji Pvt Ltd.Working culture is healthy person's involved in the section and process are very helpful in working area's. Overall if you ask its steadily helps in growing individuals like us. The chances of gaining opportunities and scopes for higher hierarchy is too slow and from learning side its always a good platform for the startups and few year's of experience individuals like me.","2","https://www.indeed.co.in/cmp/Shapoorji-Pallonji/reviews?start=20"
"1530537211-1368","https://www.indeed.co.in/cmp/Shapoorji-Pallonji/reviews","Very very renouned company in India, I was employed in this company for 2 years at Gujarat and I was in the post of junior engineer and I learnt everything like estimate, bar bending schedule, costing etc.","7","https://www.indeed.co.in/cmp/Shapoorji-Pallonji/reviews?start=120"
"1530537201-1295","https://www.indeed.co.in/cmp/Shapoorji-Pallonji/reviews","the day in which my v.p was on site,
i have learned that every is capable
management is my family
inspection for root cause of an accident and documentation
feeling proud by saving life and property","12","https://www.indeed.co.in/cmp/Shapoorji-Pallonji/reviews?start=220"
"1530537221-1436","https://www.indeed.co.in/cmp/Shapoorji-Pallonji/reviews","A good company where it needs to update to latest technologies, encourage teamwork, upgrade the pay scale as per skill set and experience.

Work culture is good but can be better with proper knowledge sharing .

More interaction with management and among the emplyoee is required.","3","https://www.indeed.co.in/cmp/Shapoorji-Pallonji/reviews?start=40"
"1530537217-1406","https://www.indeed.co.in/cmp/Shapoorji-Pallonji/reviews","I joined the company as a GET and was placed in a remote region away from my hometown. The network and the experience gained from this job has proven to be invaluable.","4","https://www.indeed.co.in/cmp/Shapoorji-Pallonji/reviews?start=60"
"1530537217-1407","https://www.indeed.co.in/cmp/Shapoorji-Pallonji/reviews","I had to reach at time in office. My work was tomanahe all computers, printer, complete Internet network at work site. I learnt time management and handling work pressure while working with shapoorji & pallonji company. The hardest job was to manage all queries at one time.","4","https://www.indeed.co.in/cmp/Shapoorji-Pallonji/reviews?start=60"
"1530537221-1434","https://www.indeed.co.in/cmp/Shapoorji-Pallonji/reviews","i was working as managemnt trainee in that company, total 8 hrs of daily work schedule for every people, i was working in contract dept. i earned too many things. the management system in the SPCL is very good, the work culture is good.","3","https://www.indeed.co.in/cmp/Shapoorji-Pallonji/reviews?start=40"
"1530537191-1223","https://www.indeed.co.in/cmp/Shapoorji-Pallonji/reviews","Monitoring the execution work .
Updating the daily progress report to  PMC and Site Manager .
Preparing / Submitting the approving the Measurement sheets & invoice for Payment.
Acknowledge the vendor bills according to the PMC certification.
Resolving the site issues.","",""
"1530537206-1322","https://www.indeed.co.in/cmp/Shapoorji-Pallonji/reviews","8 hours working time.
Learned Quantity Surveying,ERP, Site Execution,Planning Etc.","10","https://www.indeed.co.in/cmp/Shapoorji-Pallonji/reviews?start=180"
"1530537191-1225","https://www.indeed.co.in/cmp/Shapoorji-Pallonji/reviews","A mainstream construction contractor firm with projects almost in all parts of the country that manages its employees pretty well. It is usually a 6-7 days work week with very limited holidays but the experience working there has been rewarding and the learning curve has been sharp.","",""
"1530537191-1221","https://www.indeed.co.in/cmp/Shapoorji-Pallonji/reviews","good culture and environment. Night duties etc., for site engineers.Good projects all over india. 
Good work ethics.Good vision and mission. Company structure","",""
"1530537221-1419","https://www.indeed.co.in/cmp/Shapoorji-Pallonji/reviews","Good work culture, Employee Friendly, Supportive staff, Job security is more, Expert team to work with, Excellent environment for continual growth. Overall good company.","3","https://www.indeed.co.in/cmp/Shapoorji-Pallonji/reviews?start=40"
"1530537191-1222","https://www.indeed.co.in/cmp/Shapoorji-Pallonji/reviews","For freshers this is good company to learn all things.
Helpful Co-Employees and Seniors
Will get chance to grow if work properly
Salaries will be on time 99%","",""
"1530537211-1364","https://www.indeed.co.in/cmp/Shapoorji-Pallonji/reviews","Had to spend on bench at times. Learned about my domain. Management was helpful. Co workers were fine training is not effective for all. A lot of domain knowledge is put in your mind in a short span of time,leading to ineffective learning and understanding","7","https://www.indeed.co.in/cmp/Shapoorji-Pallonji/reviews?start=120"
"1530537196-1268","https://www.indeed.co.in/cmp/Shapoorji-Pallonji/reviews","you cannot concentrate on your personal activities, not even in sundays, there will be undue stress to be faced.","9","https://www.indeed.co.in/cmp/Shapoorji-Pallonji/reviews?start=160"
"1530537206-1331","https://www.indeed.co.in/cmp/Shapoorji-Pallonji/reviews","I have learnt a lot in this company and independently handled HR Operations responsibilities. 

I was handling HR Operations and part of the team setting new plant with all the HR requirements.

handling Statutory compliance.","10","https://www.indeed.co.in/cmp/Shapoorji-Pallonji/reviews?start=180"
"1530537203-1314","https://www.indeed.co.in/cmp/Shapoorji-Pallonji/reviews","Complete every jobs with care & response. 

It has good culture, good Organisational support.

there is some gaps in between Higher- Lower management.

Observations thoroughly not done here.","11","https://www.indeed.co.in/cmp/Shapoorji-Pallonji/reviews?start=200"
"1530537201-1287","https://www.indeed.co.in/cmp/Shapoorji-Pallonji/reviews","Enjoyed the job in SPCL with custmor satisfation.
Complete faith of management due to dedication towards vision.
Working atmosphere.","12","https://www.indeed.co.in/cmp/Shapoorji-Pallonji/reviews?start=220"
"1530537196-1272","https://www.indeed.co.in/cmp/Shapoorji-Pallonji/reviews","I am presently working in Gen Suite software of client GE where i have to analyze all safety data about the site & upload it in Gen Suit,it is basically combination of 60 applications which gives the employers of GE the privilege to know the status of site at any time. More over have to maintain and approve GE processes like MOC(Management Of Change, Safety Risk Assessment (SRA),LOTO(Lock out Tag out Process),and other processes","9","https://www.indeed.co.in/cmp/Shapoorji-Pallonji/reviews?start=160"
"1530537196-1261","https://www.indeed.co.in/cmp/Shapoorji-Pallonji/reviews","Every day activity with Safety measures
Joined as GET Everything i done is my learning
Good enough
Experienced senior

Handing over","9","https://www.indeed.co.in/cmp/Shapoorji-Pallonji/reviews?start=160"
"1530537203-1299","https://www.indeed.co.in/cmp/Shapoorji-Pallonji/reviews","Good work culture, Employee Friendly, Supportive staff, Job security is more, Expert team to work with, Excellent environment for continual growth. Overall good company.","11","https://www.indeed.co.in/cmp/Shapoorji-Pallonji/reviews?start=200"
"1530537203-1304","https://www.indeed.co.in/cmp/Shapoorji-Pallonji/reviews","- Good Company to learn things but in structured way.
- No systems persists","11","https://www.indeed.co.in/cmp/Shapoorji-Pallonji/reviews?start=200"
"1530537191-1214","https://www.indeed.co.in/cmp/Shapoorji-Pallonji/reviews","Good work culture, Employee Friendly, Supportive staff, Job security is more, Expert team to work with, Excellent environment for continual growth. Overall good company.","",""
"1530537217-1405","https://www.indeed.co.in/cmp/Shapoorji-Pallonji/reviews","When i was new i faint one day in the site. 
Showing effort to do any kind of work.
Be kind to everybody. 
Good culture because of good person.
I feel that finding enough time to spend with friends and family is the hardest part of my job.
The most enjoyable part of the job is having the freedom to express myself.","4","https://www.indeed.co.in/cmp/Shapoorji-Pallonji/reviews?start=60"
"1530537221-1437","https://www.indeed.co.in/cmp/Shapoorji-Pallonji/reviews","the management is transparent
system needs to be more efficient and fast
promotion is slow
work pressure is more or less manageable
office hours sometimes is not manageable","3","https://www.indeed.co.in/cmp/Shapoorji-Pallonji/reviews?start=40"
"1530537198-1277","https://www.indeed.co.in/cmp/Shapoorji-Pallonji/reviews","I have learnt many things at workplace like to manage store responsibly and to minimise wastage of materials by proper handling.","13","https://www.indeed.co.in/cmp/Shapoorji-Pallonji/reviews?start=240"
"1530537201-1296","https://www.indeed.co.in/cmp/Shapoorji-Pallonji/reviews","i valueble time get this copany and got it good engineer in copany porfile","12","https://www.indeed.co.in/cmp/Shapoorji-Pallonji/reviews?start=220"
"1530537213-1391","https://www.indeed.co.in/cmp/Shapoorji-Pallonji/reviews","My day start with meeting with the boss, reviewing the projects and discuss the work for the day. During my tenure i have learned many things which includes Project Planning,Scheduling,BIM etc.
Co-worker here are very helpful and i have learned a lot from them. 
The hardest part of my Job was when i was assign to implement the BIM in the company. The most enjoyable part of my job is, I always learning the new software related to construction.","6","https://www.indeed.co.in/cmp/Shapoorji-Pallonji/reviews?start=100"
"1530537213-1380","https://www.indeed.co.in/cmp/Shapoorji-Pallonji/reviews","Excellent place to work and to learn recent developments about construction industry. Enjoyed working with SPCL. Very resourceful Civil engineers","6","https://www.indeed.co.in/cmp/Shapoorji-Pallonji/reviews?start=100"
"1530537206-1330","https://www.indeed.co.in/cmp/Shapoorji-Pallonji/reviews","1) Good work atmosphere
2) Timely giving salary
3) Good functional support
4) Good ERP system
5) Tranings","10","https://www.indeed.co.in/cmp/Shapoorji-Pallonji/reviews?start=180"
"1530537213-1384","https://www.indeed.co.in/cmp/Shapoorji-Pallonji/reviews","Really tough job demands, Hectic days and weeks, On-site jobs, But quite a great learning environment.

Experience of the construction activities involving analysis of their completion duration with cost implications and profitability scenarios.","6","https://www.indeed.co.in/cmp/Shapoorji-Pallonji/reviews?start=100"
"1530537203-1306","https://www.indeed.co.in/cmp/Shapoorji-Pallonji/reviews","i have done 25 floors multi storied building in Libya was single handling for structure work.its my best experience on that weather condition.

Also I have  good Experience in Qatar.I was  successfully completed my project it was amenities i was handled 3 buildings each building around 10000 sq m. i was the only person to handled structure and finishes also.also Raise a inspection for client approoval.preapre for civil defence approoval and coordinate with my all sub contractors","11","https://www.indeed.co.in/cmp/Shapoorji-Pallonji/reviews?start=200"
"1530537211-1370","https://www.indeed.co.in/cmp/Shapoorji-Pallonji/reviews","Great place to work. You have a fine worklife balance and the organisation is focussed on employee growth and development.","7","https://www.indeed.co.in/cmp/Shapoorji-Pallonji/reviews?start=120"
"1530537203-1316","https://www.indeed.co.in/cmp/Shapoorji-Pallonji/reviews","Last day of my job.
 management of pepole.
good
Pyament of cotractore. Staff pyament, 
.No","11","https://www.indeed.co.in/cmp/Shapoorji-Pallonji/reviews?start=200"
"1530537217-1400","https://www.indeed.co.in/cmp/Shapoorji-Pallonji/reviews","Company is good and trying very efficiently to establish itself into the EPC market. MMBU department is working on projects and PBU department will bag some in near future.","4","https://www.indeed.co.in/cmp/Shapoorji-Pallonji/reviews?start=60"
"1530537213-1387","https://www.indeed.co.in/cmp/Shapoorji-Pallonji/reviews","The present Mixed use project is a learning experience.
casting of transfer slabs was the challenging part of project.
PT slabs are introduced to maintain the flat slabs with long spans.","6","https://www.indeed.co.in/cmp/Shapoorji-Pallonji/reviews?start=100"
"1530537211-1359","https://www.indeed.co.in/cmp/Shapoorji-Pallonji/reviews","Good work culture, Employee Friendly, Supportive staff, Job security is more, Expert team to work with, Excellent environment for continual growth. Overall good company.","7","https://www.indeed.co.in/cmp/Shapoorji-Pallonji/reviews?start=120"
"1530537208-1358","https://www.indeed.co.in/cmp/Shapoorji-Pallonji/reviews","Its a 150 years company. I love to work in it. its a relay good company to work.","8","https://www.indeed.co.in/cmp/Shapoorji-Pallonji/reviews?start=140"
"1530537223-1454","https://www.indeed.co.in/cmp/Shapoorji-Pallonji/reviews","This is nice organization to work. Lots of work experience and I finalize all legal documents. Learned a lot of legal documents. Faced new challanges and got lots of oppertunity in doing legal work.","2","https://www.indeed.co.in/cmp/Shapoorji-Pallonji/reviews?start=20"
"1530537223-1453","https://www.indeed.co.in/cmp/Shapoorji-Pallonji/reviews","i learened lot of technic work and learened site drawings and good things. 

     good company

      good constructoin system
 
       very good management","2","https://www.indeed.co.in/cmp/Shapoorji-Pallonji/reviews?start=20"
"1530537196-1270","https://www.indeed.co.in/cmp/Shapoorji-Pallonji/reviews","The feeling is nice to be a part of such a company. The management is good and the colleagues are co-operative and form a good team which provides a good team environment.","9","https://www.indeed.co.in/cmp/Shapoorji-Pallonji/reviews?start=160"
"1530537193-1248","https://www.indeed.co.in/cmp/Shapoorji-Pallonji/reviews","I am working as Billing & Quantity Surveyor Engineer. the really amazing fact about company is well professionalized trainers, good salary benefits not so awesome but its good.The most enjoyable part during job is annual sports games offered all over region is good for fun.","5","https://www.indeed.co.in/cmp/Shapoorji-Pallonji/reviews?start=80"
"1530537213-1385","https://www.indeed.co.in/cmp/Shapoorji-Pallonji/reviews","That time I have joined in SPCL which management told me for they will give job in Regional office but after joining SPCL they have given at site location only at APGENCO and in site I don't have so much work only I have maintained petty cash book and site admin related small issues shorted out.","6","https://www.indeed.co.in/cmp/Shapoorji-Pallonji/reviews?start=100"
"1530537208-1353","https://www.indeed.co.in/cmp/Shapoorji-Pallonji/reviews","goes on bit tough
learning stage 
co workers are good
time not fixed
you got to learn a lot here","8","https://www.indeed.co.in/cmp/Shapoorji-Pallonji/reviews?start=140"
"1530537221-1432","https://www.indeed.co.in/cmp/Shapoorji-Pallonji/reviews","Fantastic and life balance of personal and professional. It is a wealthy company. No financial crisis and never affect employees of the company. Feel good factor.","3","https://www.indeed.co.in/cmp/Shapoorji-Pallonji/reviews?start=40"
"1530537217-1411","https://www.indeed.co.in/cmp/Shapoorji-Pallonji/reviews","Work experience was good... I learned construction things &  how to communicate with people's management, time management work culture,  still iam learning in this company..","4","https://www.indeed.co.in/cmp/Shapoorji-Pallonji/reviews?start=60"
"1530537213-1390","https://www.indeed.co.in/cmp/Shapoorji-Pallonji/reviews","Professional organization.
Exellant work culture.
beautiful cross-functional activities.
Knowledge sharing ideas also very good.","6","https://www.indeed.co.in/cmp/Shapoorji-Pallonji/reviews?start=100"
"1530537191-1219","https://www.indeed.co.in/cmp/Shapoorji-Pallonji/reviews","it was very pleasure time for my role, all staff were very  helpful
all staff were responsible own work . Management staff are very nice 
 this company was very helpful . . my career was grew for management at site level there my role  was manage all staff , contractor , and all l coordinate  all team regarding carry out of work ,so we achieved my goal @ progress,","",""
"1530537193-1236","https://www.indeed.co.in/cmp/Shapoorji-Pallonji/reviews","The company provides a great platform for freshers. It acquires prestigious projects on the base of 150 year old legacy.
No future growth for an individual as the company is still person oriented rather than being system oriented. A typical contractor mindset","5","https://www.indeed.co.in/cmp/Shapoorji-Pallonji/reviews?start=80"
"1530537193-1242","https://www.indeed.co.in/cmp/Shapoorji-Pallonji/reviews","We can learn anything such as languages, work ability and mainly to know how to handle the customers and  being time oriented","5","https://www.indeed.co.in/cmp/Shapoorji-Pallonji/reviews?start=80"
"1530537203-1311","https://www.indeed.co.in/cmp/Shapoorji-Pallonji/reviews","Work  environment is good but have not authenticate to justify the right things.
Culture is good but language filling is there.
Leadership is there but less organisation support","11","https://www.indeed.co.in/cmp/Shapoorji-Pallonji/reviews?start=200"
"1530537203-1318","https://www.indeed.co.in/cmp/Shapoorji-Pallonji/reviews","Shapoorji Pallonji is a big company in India.I was in planning and billing team with Chennai region. The management had some partiality with Tamil peoples and they only give appraisals to only Tamil Peoples. As a Kerala man they just thrown every Kerala peoples into corner side ..!!
Anyway I just studied Citrix-Site (ERP) Billing,Daily labor productivity preparation,Project planning and production of Monthly progress program,Quantity Surveying & Making Bar-Bending Schedule,Every month Reconciliation of construction materials,Over all site management and work planning,Preparation of Rate analysis, Budget preparation Etc ..!!
Hardest part of the job is only the partiality of Tamil peoples ..!!
Shapoorji Chennai region is very worst !! Exactly !!","11","https://www.indeed.co.in/cmp/Shapoorji-Pallonji/reviews?start=200"
"1530537206-1337","https://www.indeed.co.in/cmp/Shapoorji-Pallonji/reviews","I learned first design & drawing part in this company.
I like this company.","10","https://www.indeed.co.in/cmp/Shapoorji-Pallonji/reviews?start=180"
"1530537223-1448","https://www.indeed.co.in/cmp/Shapoorji-Pallonji/reviews","The Shapoorji Pallonji company is a good company to work as it is having very good policies and vision. The facilities provided by the company are good. One can learn many things by working in the company. The company is a professional company. 

Even though the company is professional, some times Management behaves in unprofessional way.","2","https://www.indeed.co.in/cmp/Shapoorji-Pallonji/reviews?start=20"
"1530537206-1332","https://www.indeed.co.in/cmp/Shapoorji-Pallonji/reviews","Lacking employee appreciation and timely assignment review etc.","10","https://www.indeed.co.in/cmp/Shapoorji-Pallonji/reviews?start=180"
"1530537221-1433","https://www.indeed.co.in/cmp/Shapoorji-Pallonji/reviews","Management provide justify approach to an employee where he/she is suitable. An employee can enjoy the work culture of the firm. An employee may get the right to take the adequate decisions in favor of the company's legal & contractual compliances as well as benefit also.","3","https://www.indeed.co.in/cmp/Shapoorji-Pallonji/reviews?start=40"
"1530537211-1365","https://www.indeed.co.in/cmp/Shapoorji-Pallonji/reviews","-Shapoorji being a family owned business is still big giant in the reality and corporate developers.
-Shapoorji was a company where I did my internship for two months without pay but still it has thought me so much that I owe to the company and my manager who helped me learn the integrities of HR Business","7","https://www.indeed.co.in/cmp/Shapoorji-Pallonji/reviews?start=120"
"1530537201-1293","https://www.indeed.co.in/cmp/Shapoorji-Pallonji/reviews","9-6
Safety of crane
Good management
Good coworkers
Working at height
Safety is good","12","https://www.indeed.co.in/cmp/Shapoorji-Pallonji/reviews?start=220"
"1530537213-1397","https://www.indeed.co.in/cmp/Shapoorji-Pallonji/reviews","nice to work in this company. Overall very good experience. All work are systematic.  Salary is good. Learn lots off thing from senior.","6","https://www.indeed.co.in/cmp/Shapoorji-Pallonji/reviews?start=100"
"1530537223-1447","https://www.indeed.co.in/cmp/Shapoorji-Pallonji/reviews","Graduate Engineering Trainee program is good to understand all the key departments e.g. planning, execution, quality, safety and billing in a general contractor organization.","2","https://www.indeed.co.in/cmp/Shapoorji-Pallonji/reviews?start=20"
"1530537193-1253","https://www.indeed.co.in/cmp/Shapoorji-Pallonji/reviews","the Shapoorji pallonji company is very good company but i had to work in other country ,so I left the company and came Dubai.","5","https://www.indeed.co.in/cmp/Shapoorji-Pallonji/reviews?start=80"
"1530537223-1439","https://www.indeed.co.in/cmp/Shapoorji-Pallonji/reviews","Good work culture, Employee Friendly, Supportive staff, Job security is more, Expert team to work with, Excellent environment for continual growth. Overall good company.","2","https://www.indeed.co.in/cmp/Shapoorji-Pallonji/reviews?start=20"
"1530537223-1457","https://www.indeed.co.in/cmp/Shapoorji-Pallonji/reviews","All construction company material from purchase ing marketing executive
Good condition good communication skills and experience holder technical support and encouragement for manement","2","https://www.indeed.co.in/cmp/Shapoorji-Pallonji/reviews?start=20"
"1530537196-1258","https://www.indeed.co.in/cmp/Shapoorji-Pallonji/reviews","In my opinion 8am to 8 pm in project site office work is too deficult in Guwahati.  In a day my work respondsibility is network camera monitoring & maintains, computer hardware & software install ,uninstall & maintains, & vendor management. here i learned about Access-point & network camera installation & configure.","9","https://www.indeed.co.in/cmp/Shapoorji-Pallonji/reviews?start=160"
"1530537201-1282","https://www.indeed.co.in/cmp/Shapoorji-Pallonji/reviews","learned so much 4m my seniors and is utilising d same.
management is good.","12","https://www.indeed.co.in/cmp/Shapoorji-Pallonji/reviews?start=220"
"1530537208-1342","https://www.indeed.co.in/cmp/Shapoorji-Pallonji/reviews","good company management is good and Eco friendly very nice company","8","https://www.indeed.co.in/cmp/Shapoorji-Pallonji/reviews?start=140"
"1530537217-1399","https://www.indeed.co.in/cmp/Shapoorji-Pallonji/reviews","Good work culture, Employee Friendly, Supportive staff, Job security is more, Expert team to work with, Excellent environment for continual growth. Overall good company.","4","https://www.indeed.co.in/cmp/Shapoorji-Pallonji/reviews?start=60"
"1530537196-1257","https://www.indeed.co.in/cmp/Shapoorji-Pallonji/reviews","I will find like family while working with SPCL.

I will always loaded with work pressure but the pressure is genuine.

Coworkers staffs and clients all are very good and senior staffs are always there to help you and support you.","9","https://www.indeed.co.in/cmp/Shapoorji-Pallonji/reviews?start=160"
"1530537213-1388","https://www.indeed.co.in/cmp/Shapoorji-Pallonji/reviews","I am a hardworking & Sincere person , Who is very dedicated to time management Have potential to work for long hours.maintained a warm cooperation amongst colleagues and followed the instruction of senior officials","6","https://www.indeed.co.in/cmp/Shapoorji-Pallonji/reviews?start=100"
"1530537213-1389","https://www.indeed.co.in/cmp/Shapoorji-Pallonji/reviews","Fantastic company, teaches and guides you a lot. Right atmosphere for anything productive to do. The company really is a landmark of ethics, customer satisfaction and quality finish.","6","https://www.indeed.co.in/cmp/Shapoorji-Pallonji/reviews?start=100"
"1530537211-1361","https://www.indeed.co.in/cmp/Shapoorji-Pallonji/reviews","Conducive environment, moderate work pressure, independence to work.
Friendly environment, good office location, modern office with 
amenities for recreation after work.","7","https://www.indeed.co.in/cmp/Shapoorji-Pallonji/reviews?start=120"
"1530537203-1310","https://www.indeed.co.in/cmp/Shapoorji-Pallonji/reviews","Managing unprofessional man power
Maintenance
Good co-workers","11","https://www.indeed.co.in/cmp/Shapoorji-Pallonji/reviews?start=200"
"1530537211-1378","https://www.indeed.co.in/cmp/Shapoorji-Pallonji/reviews","sr. land surveyor, co ordinate systeme and total station instrument","7","https://www.indeed.co.in/cmp/Shapoorji-Pallonji/reviews?start=120"
"1530537217-1418","https://www.indeed.co.in/cmp/Shapoorji-Pallonji/reviews","Good work culture and work life balance but limited exposure and learning. More of a traditional organisation. Old organistion","4","https://www.indeed.co.in/cmp/Shapoorji-Pallonji/reviews?start=60"
"1530537221-1422","https://www.indeed.co.in/cmp/Shapoorji-Pallonji/reviews","as a GET in civil its a great firm to be starting your career with. but its not the best option you can get out there
good and industry at par work timings 
learning is easy 
people are friendlier
work culture is decent too","3","https://www.indeed.co.in/cmp/Shapoorji-Pallonji/reviews?start=40"
"1530537191-1234","https://www.indeed.co.in/cmp/Shapoorji-Pallonji/reviews","The working time was lengthy and there are more platforms learning and training.
There is a very structural path way for carrier growth.
All employees are treated equal and appraisals system is one of the best ways to express the employee achievements.","",""
"1530537193-1238","https://www.indeed.co.in/cmp/Shapoorji-Pallonji/reviews","Works very well with clients as well as all staff members
Has a very warm rapport with everyone she comes in contact with
Follows up with clients to ensure no one feels forgotten or lost in the process
Clearly enjoys the “people” aspect of his position","5","https://www.indeed.co.in/cmp/Shapoorji-Pallonji/reviews?start=80"
"1530537203-1300","https://www.indeed.co.in/cmp/Shapoorji-Pallonji/reviews","nice team, nice work envirnment,nice to work here,new technology etc.","11","https://www.indeed.co.in/cmp/Shapoorji-Pallonji/reviews?start=200"
"1530537208-1357","https://www.indeed.co.in/cmp/Shapoorji-Pallonji/reviews","* feel some some typical in starting month after campusing,
* have learned lots of things like how to study the drawings with relative drawings,
* maintaining the paper work accurately...
* managing labour for work, get productivity from labour, in less rate.
* co-workers are as good as we relate with them,
* timing of the job is little problematic because of irregular timing
* in this company the departments are divided by it category like civil,electrical,mechanical,stores,quality,billing,safety....","8","https://www.indeed.co.in/cmp/Shapoorji-Pallonji/reviews?start=140"
"1530537217-1417","https://www.indeed.co.in/cmp/Shapoorji-Pallonji/reviews","site meetings material follow ups and get the project in time

Interiors with sequence of MEP work  

Management come down to site at the time of a need

best team work at site and office

coordination and rework due to civil work

finishes and get the approvals from Government","4","https://www.indeed.co.in/cmp/Shapoorji-Pallonji/reviews?start=60"
"1530537191-1215","https://www.indeed.co.in/cmp/Shapoorji-Pallonji/reviews","I have around two years of experience in the construction company, Shapoorji Pallonji & Co. Ltd., where I was working in the contracts and commercial department in Bangalore. I have won the best national award for case study presentation on the project, DLF Westend Heights, Bengaluru.","",""
"1530537201-1281","https://www.indeed.co.in/cmp/Shapoorji-Pallonji/reviews","1. Working as a quality engineer at shapoorji pallonji .
2. Worked at MUMBAI METRO as a quality engineer through shapoorji pallonji
3. Worked TCS NEPTUNE as a quality engineer through shapoorji pallonji .

now i am control two site as a quality engineer.","12","https://www.indeed.co.in/cmp/Shapoorji-Pallonji/reviews?start=220"
"1530537223-1441","https://www.indeed.co.in/cmp/Shapoorji-Pallonji/reviews","Good Management with employee friendly environment, As the first company in my life i have learned lots of thing there. Also the office premises is very good","2","https://www.indeed.co.in/cmp/Shapoorji-Pallonji/reviews?start=20"
"1530537211-1369","https://www.indeed.co.in/cmp/Shapoorji-Pallonji/reviews","Shapoorji Pallonji & Co ltd one of the best Company in world as point of view Employee & works culture  

i am also looking job in overseas if possible in SP Group .","7","https://www.indeed.co.in/cmp/Shapoorji-Pallonji/reviews?start=120"
"1530537206-1334","https://www.indeed.co.in/cmp/Shapoorji-Pallonji/reviews","Helped in grooming my knowledge & carrier.

•a typical day at work  - Staring the Idiot Box. 
•what you learned - Many
•management - Ok, depends upon ur boss
•your co-workers - Ok
•the hardest part of the job - No breathing space if we get more submissions. 
•the most enjoyable part of the job - Learning","10","https://www.indeed.co.in/cmp/Shapoorji-Pallonji/reviews?start=180"
"1530537217-1401","https://www.indeed.co.in/cmp/Shapoorji-Pallonji/reviews","Overall development with healthy work environment. A very strict modules which are followed for freshers for their overall development. Encouraging juniors for thinking and working in out of the box scenario.","4","https://www.indeed.co.in/cmp/Shapoorji-Pallonji/reviews?start=60"
"1530537211-1376","https://www.indeed.co.in/cmp/Shapoorji-Pallonji/reviews","Comfortable place to work. had supporting co-workers. We are free to apply our own ideas.","7","https://www.indeed.co.in/cmp/Shapoorji-Pallonji/reviews?start=120"
"1530537221-1424","https://www.indeed.co.in/cmp/Shapoorji-Pallonji/reviews","This company is a Multi National Company and working culture is very good and salary paid us time to time. Employee can work with this company long time.","3","https://www.indeed.co.in/cmp/Shapoorji-Pallonji/reviews?start=40"
"1530537208-1339","https://www.indeed.co.in/cmp/Shapoorji-Pallonji/reviews","Good work culture, Employee Friendly, Supportive staff, Job security is more, Expert team to work with, Excellent environment for continual growth. Overall good company.","8","https://www.indeed.co.in/cmp/Shapoorji-Pallonji/reviews?start=140"
"1530537211-1373","https://www.indeed.co.in/cmp/Shapoorji-Pallonji/reviews","Its not just a organization but its an Institute where people graduate in their work. Homely atmosphere & helpful people in every department.","7","https://www.indeed.co.in/cmp/Shapoorji-Pallonji/reviews?start=120"
"1530537201-1280","https://www.indeed.co.in/cmp/Shapoorji-Pallonji/reviews","It's a very good company to work with as it gives immense opportunity.","12","https://www.indeed.co.in/cmp/Shapoorji-Pallonji/reviews?start=220"
"1530537213-1383","https://www.indeed.co.in/cmp/Shapoorji-Pallonji/reviews","Have learnt the basics of practical work in civil engineering from this company.A good organisation but it depends on the way you are.","6","https://www.indeed.co.in/cmp/Shapoorji-Pallonji/reviews?start=100"
"1530537206-1328","https://www.indeed.co.in/cmp/Shapoorji-Pallonji/reviews","Work in field of Electrical installation
Understood the management","10","https://www.indeed.co.in/cmp/Shapoorji-Pallonji/reviews?start=180"
"1530537208-1340","https://www.indeed.co.in/cmp/Shapoorji-Pallonji/reviews","I joined here as an trainee. Now I am the Site In-charge. In this 3 &  half years, company has given me lot of opportunities to grow and develop myself as an employee.

Overall, it is a very good company for beginners.","8","https://www.indeed.co.in/cmp/Shapoorji-Pallonji/reviews?start=140"
"1530537201-1288","https://www.indeed.co.in/cmp/Shapoorji-Pallonji/reviews","Its a very intresting place to work with challeges everyday.","12","https://www.indeed.co.in/cmp/Shapoorji-Pallonji/reviews?start=220"
"1530537193-1246","https://www.indeed.co.in/cmp/Shapoorji-Pallonji/reviews","company is good but timings of the company is not good and not comfortable,working experience with the company is overally good but there are some loop holes,overall working in Shapoorji Pallonji and Company Pvt Ltd is satisfactory.","5","https://www.indeed.co.in/cmp/Shapoorji-Pallonji/reviews?start=80"
"1530537198-1276","https://www.indeed.co.in/cmp/Shapoorji-Pallonji/reviews","I like the company very much but for my personal reason i have to change the company.","13","https://www.indeed.co.in/cmp/Shapoorji-Pallonji/reviews?start=240"
"1530537203-1309","https://www.indeed.co.in/cmp/Shapoorji-Pallonji/reviews","* labour + machinery mangement as per planning and schedule.
* Quality of work + Achievement of targeted work + Saftey + productivity +finishes.
*Key role is management with utilizing all sources in such way to maximize output.
* supervisors + formen
* Daily create an area for concreting . ( as we all know concreting is major part to complete the project).
* Friendly relation with seniors","11","https://www.indeed.co.in/cmp/Shapoorji-Pallonji/reviews?start=200"
"1530537201-1294","https://www.indeed.co.in/cmp/Shapoorji-Pallonji/reviews","My typical day starts with holding meetings on various departmental activities and circulating minutes of the meetings

Coordinating with various agencies for launching the SPCL website.

Compilation and circulation of articles on World Based CEOs.

Submission of reports on Problems and Solutions of Project Management.

Prepare Weekly Industrial Insights for circulation.

Actively involved in convening the Strategy Conclave of the divisional heads held in June 2011 at Khandala.","12","https://www.indeed.co.in/cmp/Shapoorji-Pallonji/reviews?start=220"
"1530537221-1421","https://www.indeed.co.in/cmp/Shapoorji-Pallonji/reviews","Just like the statement. class of customers handeled was exclusive.
being part of a premium project i.e. tallest standing structure in mumbai, got a different experience all together to handle premium customers.","3","https://www.indeed.co.in/cmp/Shapoorji-Pallonji/reviews?start=40"
"1530537206-1333","https://www.indeed.co.in/cmp/Shapoorji-Pallonji/reviews","Mostly fixed work timings. Can vary from site to site.
I learnt about project planning and execution.
Co-operative management.
Primarily a civil company not much scope for Electrical Engineers except for those who want a career in MEP.","10","https://www.indeed.co.in/cmp/Shapoorji-Pallonji/reviews?start=180"
"1530537211-1375","https://www.indeed.co.in/cmp/Shapoorji-Pallonji/reviews","It was a good company and gained lot of experience working with diversified projects. Good management and co-workers. i have to leave that company after getting an opportunity to work abroad.","7","https://www.indeed.co.in/cmp/Shapoorji-Pallonji/reviews?start=120"
"1530537221-1427","https://www.indeed.co.in/cmp/Shapoorji-Pallonji/reviews","High pressure environment.  Low growth prospect.  Next to government job in terms of job security.  Long working hours.  Be prepared to leave personal life balance","3","https://www.indeed.co.in/cmp/Shapoorji-Pallonji/reviews?start=40"
"1530537221-1420","https://www.indeed.co.in/cmp/Shapoorji-Pallonji/reviews","good company to be associated with...gives lot of opportunites to grow with the organization...diversified field of business verticals wherein you can fit in....","3","https://www.indeed.co.in/cmp/Shapoorji-Pallonji/reviews?start=40"
"1530537191-1233","https://www.indeed.co.in/cmp/Shapoorji-Pallonji/reviews","As an incharge you gain vast exposure to senior management of the company as a whole. working on site level there is stressed job where you need to be involved 24/7 when required.","",""
"1530537221-1425","https://www.indeed.co.in/cmp/Shapoorji-Pallonji/reviews","The working culture of SPCPL will encourage a person to learn more and more. One can easily grab the working culture of SPCPL management team. The management team is too much helpful for Fresher and trainee. Appreciated for this Quality of SPCPL.","3","https://www.indeed.co.in/cmp/Shapoorji-Pallonji/reviews?start=40"
"1530537221-1423","https://www.indeed.co.in/cmp/Shapoorji-Pallonji/reviews","Good working place. The management is very support for the site workers  I learned in this company safetywork quality of work and how to control the cost in this field. The workplace culture is one of the strong portion in the company","3","https://www.indeed.co.in/cmp/Shapoorji-Pallonji/reviews?start=40"
"1530537196-1260","https://www.indeed.co.in/cmp/Shapoorji-Pallonji/reviews","Led and managed of a project team of more than 60 members comprising of project managers, project engineers , supervisors and supporting staff

Conferred with clients and other members of the engineering team and conducted research to determine project requirements

Developed an overall integrated construction baseline schedule and work break-down structure of logistics, HR, material, tasks/activities

Achieved 80% of time and cost budget in maintaining project controls 

Ensured construction plans met specifications of building codes and other regulations

Provided technical and administrative support to the project team through technical report writing, engineering communications and technical presentation

Maintained project documentation and assisted in preparing contractual and legal correspondences

Developed site manpower and material tracking reports to keep accurate tab on project progress

Attended daily site, design,  sub-contractors’ progress  review meetings to mitigate any possible delay

Coordinated with many agencies and sub-contractors - resulted in ‘in-time’ material delivery

Conducted site survey and prepared technical reports for project feasibility studies","9","https://www.indeed.co.in/cmp/Shapoorji-Pallonji/reviews?start=160"
"1530537208-1345","https://www.indeed.co.in/cmp/Shapoorji-Pallonji/reviews","A typical day at work begins at 6AM and doesnt end at all ! We used to work 7 days, 84 hrs a week in quite a tough environment. So its strictly for people who love being in sun for long time and also for those who enjoy working at heights. Co-workers were friendly and helpful. They assisted me in achieving the objectives and also co operated in all aspects of my job. The toughest part was long work hours which did affect my health.","8","https://www.indeed.co.in/cmp/Shapoorji-Pallonji/reviews?start=140"
"1530537217-1409","https://www.indeed.co.in/cmp/Shapoorji-Pallonji/reviews","A very employee friendly company to work with.This company offers very good security of job, good annual increment in salary performance basis.","4","https://www.indeed.co.in/cmp/Shapoorji-Pallonji/reviews?start=60"
"1530537196-1263","https://www.indeed.co.in/cmp/Shapoorji-Pallonji/reviews","i learn all safety norms & laws.
we have achieve 6 million safe man hours. without any incident and accident","9","https://www.indeed.co.in/cmp/Shapoorji-Pallonji/reviews?start=160"
"1530537217-1416","https://www.indeed.co.in/cmp/Shapoorji-Pallonji/reviews","Shapoorji Pallonji is a good place to work. The management and the colleagues are friendly in nature. It has got strict guidelines for work completion.","4","https://www.indeed.co.in/cmp/Shapoorji-Pallonji/reviews?start=60"
"1530537217-1403","https://www.indeed.co.in/cmp/Shapoorji-Pallonji/reviews","SPCL was new in EPC sector, management has always given full support to establish themselves as a dominant EPC player in India market.

Systems and procedures are strong and work culture is excellent.","4","https://www.indeed.co.in/cmp/Shapoorji-Pallonji/reviews?start=60"
"1530537196-1255","https://www.indeed.co.in/cmp/Shapoorji-Pallonji/reviews","Good work culture, Employee Friendly, Supportive staff, Job security is more, Expert team to work with, Excellent environment for continual growth. Overall good company.","9","https://www.indeed.co.in/cmp/Shapoorji-Pallonji/reviews?start=160"
"1530537208-1351","https://www.indeed.co.in/cmp/Shapoorji-Pallonji/reviews","this company is good for G T'S. the company will ask only hard work from employee @ late hours also.","8","https://www.indeed.co.in/cmp/Shapoorji-Pallonji/reviews?start=140"
"1530537206-1326","https://www.indeed.co.in/cmp/Shapoorji-Pallonji/reviews","shapoorji pallonji & constrution.ltd. , Srm civil work & pvt. ltd.","10","https://www.indeed.co.in/cmp/Shapoorji-Pallonji/reviews?start=180"
"1530537211-1366","https://www.indeed.co.in/cmp/Shapoorji-Pallonji/reviews","verification vendor bills sub contractor bill time office all activities . statutory compliance. canteen security Transport etc.","7","https://www.indeed.co.in/cmp/Shapoorji-Pallonji/reviews?start=120"
"1530537208-1350","https://www.indeed.co.in/cmp/Shapoorji-Pallonji/reviews","Job Satisfaction fullest
Geared toward service-based businesses","8","https://www.indeed.co.in/cmp/Shapoorji-Pallonji/reviews?start=140"
"1530537193-1252","https://www.indeed.co.in/cmp/Shapoorji-Pallonji/reviews","A work environment not suitable . Your co worker is not supportive. I want to  learn more in it .Here now nothings to learn in hardware and networking field it engineer growth is limited here. this company hire mostly third party pay roll for it engineer.","5","https://www.indeed.co.in/cmp/Shapoorji-Pallonji/reviews?start=80"
"1530537217-1410","https://www.indeed.co.in/cmp/Shapoorji-Pallonji/reviews","Working on site for full with different mentality people. Probably working under sunlight. As a fresher I have learned from bottom to top related to my field.","4","https://www.indeed.co.in/cmp/Shapoorji-Pallonji/reviews?start=60"
"1530537201-1285","https://www.indeed.co.in/cmp/Shapoorji-Pallonji/reviews","Good working environment.
co-operative & helpful co-workers.
understanding & supportive seniors.","12","https://www.indeed.co.in/cmp/Shapoorji-Pallonji/reviews?start=220"
"1530537201-1284","https://www.indeed.co.in/cmp/Shapoorji-Pallonji/reviews","Plannong & coordination with various contractors & Regional office follow up for any help required to execute the work. I learned management skill . Management was supportive & co workwers helped me alot to complete my daily targets.

Hardest job is to complete targets during shartage of resources.","12","https://www.indeed.co.in/cmp/Shapoorji-Pallonji/reviews?start=220"
"1530537196-1266","https://www.indeed.co.in/cmp/Shapoorji-Pallonji/reviews","My stint here was very short - only 2 months during vocational training. However, during this short period, it was a very pleasant experience.","9","https://www.indeed.co.in/cmp/Shapoorji-Pallonji/reviews?start=160"
"1530537223-1458","https://www.indeed.co.in/cmp/Shapoorji-Pallonji/reviews","Shapoorji Pallonji company is a biggest company in india. And they provide all accommodation and food. And they take care all safety in his company. It's a good .","2","https://www.indeed.co.in/cmp/Shapoorji-Pallonji/reviews?start=20"
"1530537198-1275","https://www.indeed.co.in/cmp/Shapoorji-Pallonji/reviews","Good work culture, Employee Friendly, Supportive staff, Job security is more, Expert team to work with, Excellent environment for continual growth. Overall good company.","13","https://www.indeed.co.in/cmp/Shapoorji-Pallonji/reviews?start=240"
